# --min_weight=30 fixed, --wtmul in {150,160,170,180,190,200}. Sweeps the
# transfer multiplicative factor around the compiled default (wtmul=167) with
# the floor pinned at the mw30 optimum found on ntil-43/45. Rides the current
# defaults (relative=1, oldestsource=1), so under relative the wtmul term scales
# wtmul/1000 * (source_weight - 30).
# name	args
mw30_wm150	--min_weight=30 --wtmul=150
mw30_wm160	--min_weight=30 --wtmul=160
mw30_wm170	--min_weight=30 --wtmul=170
mw30_wm180	--min_weight=30 --wtmul=180
mw30_wm190	--min_weight=30 --wtmul=190
mw30_wm200	--min_weight=30 --wtmul=200
