# --min_weight=30 fixed, --clsselectp in {12,14,16,18,20}. Sweeps the clause
# selection probability for weight transfer around the compiled default (16),
# with the floor pinned at the mw30 optimum from the ntil-43/45 sweeps. Rides
# the current defaults (relative=1, oldestsource=1).
# name	args
mw30_csp12	--min_weight=30 --clsselectp=12
mw30_csp14	--min_weight=30 --clsselectp=14
mw30_csp16	--min_weight=30 --clsselectp=16
mw30_csp18	--min_weight=30 --clsselectp=18
mw30_csp20	--min_weight=30 --clsselectp=20
