# Sweeps --wtmul in {300,310,320,330} riding the current compiled defaults
# (relative=1, min_weight=10, wtadd=-200, oldestsource=1). Extends below the
# default 350 to test whether the hardest instances keep improving with a
# gentler transfer (lower wtmul = smaller transfers + higher floor). Each
# transfer is wtmul/1000*(src_w-10) - 20; fixed point 10 + 20000/wtmul, i.e.
# floors ~76.7/74.5/72.5/70.6 -- all above the default's 67.1.
# name	args
wm300	--wtmul=300
wm310	--wtmul=310
wm320	--wtmul=320
wm330	--wtmul=330
