# Sweeps --wtmul in {340,350,360,370,380} riding the current compiled defaults
# (relative=1, min_weight=10, wtadd=-200, oldestsource=1). Each transfer is
# wtmul/1000*(src_w-10) - 20, so higher wtmul = steeper slope + larger
# transfers and a slightly LOWER donation floor: the fixed point sits at
# 10 + 20000/wtmul, i.e. ~68.8/67.1/65.6/64.1/62.6 for these five rows.
# wm350 is the current default (baseline anchor).
# name	args
wm340	--wtmul=340
wm350	--wtmul=350
wm360	--wtmul=360
wm370	--wtmul=370
wm380	--wtmul=380
