# --relative=1 with --wtmul in {150,160,170,180,190,200}. Under --relative the
# wtmul term scales (source_weight - min_weight), so this sweeps the
# multiplicative factor around the compiled default (wtmul=167) in relative
# mode. All else at solver defaults (min_weight=10).
# name	args
rel1_wm150	--relative=1 --wtmul=150
rel1_wm160	--relative=1 --wtmul=160
rel1_wm170	--relative=1 --wtmul=170
rel1_wm180	--relative=1 --wtmul=180
rel1_wm190	--relative=1 --wtmul=190
rel1_wm200	--relative=1 --wtmul=200
